<?xml version="1.0" encoding="UTF-8"?>
<project-private xmlns="http://www.netbeans.org/ns/project-private/1">
    <editor-bookmarks xmlns="http://www.netbeans.org/ns/editor-bookmarks/2" lastBookmarkId="0"/>
    <open-files xmlns="http://www.netbeans.org/ns/projectui-open-files/2">
        <group>
            <file>file:/C:/Users/c317.AD.005/Documents/NetBeansProjects/States/src/states/States.java</file>
            <file>file:/C:/Users/c317.AD.005/Documents/NetBeansProjects/States/src/states/StateList.java</file>
            <file>file:/C:/Users/c317.AD.005/Documents/NetBeansProjects/States/src/states/State.java</file>
        </group>
    </open-files>
</project-private>
